loss,mean_io_u,val_loss,val_mean_io_u
0.7880783677101135,0.4829246699810028,6.926085472106934,0.48275861144065857
0.6106587052345276,0.48350369930267334,8.51296329498291,0.48275861144065857
